,Unnamed: 0,k,model,coherence,c_v,u_mass,c_uci,c_npmi,diversity,model_diversity,perplexity,10_most_used_topics,path,model_path
0,0,5.0,etm_k5,0.1334483331006628,0.2767295670121179,-1.271373388774423,-0.14531896138437453,-0.01193743703199442,0.9,0.92,1057.0,[2 0 3 4 1],./results/etm_reddit_pt_nouns_K_5_Htheta_800_Optim_adam_Clip_0.0_ThetaAct_relu_Lr_0.005_Bsz_1000_RhoSize_300_trainEmbeddings_0,models_training/models/etm/etm_k5
1,1,8.0,etm_k8,0.14187983468200968,0.29397776579326634,-1.3777268149810364,-0.16031337986656724,-0.005744821701418328,0.75,0.85,1014.2,[7 3 1 2 0 5 6 4],./results/etm_reddit_pt_nouns_K_8_Htheta_800_Optim_adam_Clip_0.0_ThetaAct_relu_Lr_0.005_Bsz_1000_RhoSize_300_trainEmbeddings_0,models_training/models/etm/etm_k8
2,2,10.0,etm_k10,0.13272012252209892,0.3105322199471775,-1.459098045339132,-0.33088952396283433,-0.0071538840981831935,0.7,0.828,1006.5,[4 7 8 5 0 6 1 9 3 2],./results/etm_reddit_pt_nouns_K_10_Htheta_800_Optim_adam_Clip_0.0_ThetaAct_relu_Lr_0.005_Bsz_1000_RhoSize_300_trainEmbeddings_0,models_training/models/etm/etm_k10
3,3,12.0,etm_k12,0.1380388052778394,0.3086704470892055,-1.4612089634424386,-0.25305485047195403,-0.005600433788091101,0.6625,0.7833333333333333,999.3,[ 3 10  6  0  1  4 11  2  5  7],./results/etm_reddit_pt_nouns_K_12_Htheta_800_Optim_adam_Clip_0.0_ThetaAct_relu_Lr_0.005_Bsz_1000_RhoSize_300_trainEmbeddings_0,models_training/models/etm/etm_k12
4,0,15.0,etm_k15,0.14565762968410326,0.3233995966365672,-1.55163426507163,-0.2499923620435673,-0.0020064037612563907,0.5966666666666667,0.7786666666666666,983.9,[10  9  1  2  4 14 12  0  5 11],./results/etm_reddit_pt_nouns_K_15_Htheta_800_Optim_adam_Clip_0.0_ThetaAct_relu_Lr_0.005_Bsz_1000_RhoSize_300_trainEmbeddings_0,models_training/models/etm/etm_k15
5,1,18.0,etm_k18,0.13793560572988772,0.3258761429005935,-1.5736232827148973,-0.2811937035503285,-0.002062052405451573,0.5472222222222223,0.7066666666666667,988.8,[ 3 12 15  0  4  1  5 16  6 10],./results/etm_reddit_pt_nouns_K_18_Htheta_800_Optim_adam_Clip_0.0_ThetaAct_relu_Lr_0.005_Bsz_1000_RhoSize_300_trainEmbeddings_0,models_training/models/etm/etm_k18
6,2,20.0,etm_k20,0.14466047616522298,0.31691656354063485,-1.5563651197957111,-0.33140816527361633,-0.0058584453809086365,0.4825,0.67,979.3,[ 9  7  2  0  1 16  3  6 12 14],./results/etm_reddit_pt_nouns_K_20_Htheta_800_Optim_adam_Clip_0.0_ThetaAct_relu_Lr_0.005_Bsz_1000_RhoSize_300_trainEmbeddings_0,models_training/models/etm/etm_k20
7,3,22.0,etm_k22,0.14079689319304162,0.30918986398474946,-1.5304224839637293,-0.4689399414219996,-0.01138677563993894,0.45,0.6436363636363637,962.9,[13 17  3 12 19 16 15  1  9 10],./results/etm_reddit_pt_nouns_K_22_Htheta_800_Optim_adam_Clip_0.0_ThetaAct_relu_Lr_0.005_Bsz_1000_RhoSize_300_trainEmbeddings_0,models_training/models/etm/etm_k22
8,4,25.0,etm_k25,0.14634465152720988,0.3227119420288155,-1.587183788187987,-0.4199167852917575,-0.006584703663097122,0.446,0.6224,973.4,[ 4  9 10 20 17  1 18 16  6  3],./results/etm_reddit_pt_nouns_K_25_Htheta_800_Optim_adam_Clip_0.0_ThetaAct_relu_Lr_0.005_Bsz_1000_RhoSize_300_trainEmbeddings_0,models_training/models/etm/etm_k25
9,5,28.0,etm_k28,0.14681760731236124,0.3117648472992917,-1.6019077189740405,-0.5085030884448771,-0.012690424572961115,0.4053571428571429,0.5971428571428572,960.6,[16 27 25  7  4 23 15  0  3  9],./results/etm_reddit_pt_nouns_K_28_Htheta_800_Optim_adam_Clip_0.0_ThetaAct_relu_Lr_0.005_Bsz_1000_RhoSize_300_trainEmbeddings_0,models_training/models/etm/etm_k28
10,6,30.0,etm_k30,0.14623094404456335,0.3116902102057545,-1.5586870023172976,-0.3510598443526213,-0.007102534700915535,0.3433333333333333,0.5546666666666666,960.3,[ 5 18 29  0  1  3 20 11 28 10],./results/etm_reddit_pt_nouns_K_30_Htheta_800_Optim_adam_Clip_0.0_ThetaAct_relu_Lr_0.005_Bsz_1000_RhoSize_300_trainEmbeddings_0,models_training/models/etm/etm_k30
11,7,35.0,etm_k35,0.14266996416472896,0.3142475145099808,-1.6271955875196409,-0.6332728496329604,-0.016133186335013497,0.3071428571428572,0.5165714285714286,966.3,[ 2 31 18  6  0  5 11 19 26 34],./results/etm_reddit_pt_nouns_K_35_Htheta_800_Optim_adam_Clip_0.0_ThetaAct_relu_Lr_0.005_Bsz_1000_RhoSize_300_trainEmbeddings_0,models_training/models/etm/etm_k35
